Date,Close_AAPL,High_AAPL,Low_AAPL,Open_AAPL,Volume_AAPL
2023-01-03,123.33065032958984,129.07956676089162,122.44316513126005,128.4681939201586,112117500
2023-01-04,124.60270690917969,126.87072372434358,123.34050912530462,125.1253349737568,89113600
2023-01-05,123.28134155273438,125.99309725880703,123.02496279365805,125.36199835089351,80962700
2023-01-06,127.8173828125,128.47806338393755,123.15316666234692,124.25759364277924,87754700
2023-01-09,128.3400115966797,131.55468474878427,128.08363280615177,128.65556861264022,70790800
2023-01-10,128.9119415283203,129.4345696464241,126.33823803970584,128.44847658636624,63896200
2023-01-11,131.63356018066406,131.65327120715185,128.64569958998982,129.42470644063985,69458900
2023-01-12,131.55467224121094,132.39284227281698,129.6120678053339,132.01813716022232,71379600
2023-01-13,132.88587951660156,133.04365799858422,129.82900042275443,130.19384999657817,57809700
2023-01-17,134.04946899414062,135.38068535895238,132.26464328240974,132.9549052915621,63646600
2023-01-18,133.3296356201172,136.68234566241608,133.15213106325567,134.91724588612811,69672800
2023-01-19,133.3887939453125,134.35516079708475,131.90965456039046,132.21534095915428,58280400
2023-01-20,135.95263671875,136.10055969629155,132.3534032973474,133.3986594670003,80223600
2023-01-23,139.14759826660156,141.32687064316994,135.98223278773898,136.19917447397063,81760300
2023-01-24,140.54782104492188,141.16906439218428,138.34883807200805,138.35869358432294,66435100
2023-01-25,139.88714599609375,140.44921115138996,136.87955949987148,138.93063463423644,65799300
2023-01-26,141.95794677734375,142.24390711048304,139.9265826744515,141.17892492583348,54105100
2023-01-27,143.9005584716797,145.182482507532,141.09020217222798,141.16909142560513,70555800
2023-01-30,141.01129150390625,143.5258315295515,140.863383580403,142.94404030165967,64015300
2023-01-31,142.28335571289062,142.3326633733732,140.30131415280843,140.71547141700836,65874500
2023-02-01,143.4075164794922,144.571114195543,139.3546881653997,141.967828937729,77663600
2023-02-02,148.72254943847656,149.07752846410273,146.10939403157928,146.82923768896234,118339000
2023-02-03,152.35137939453125,155.19133225252133,145.7741404197881,145.97135602457382,154357300
2023-02-06,149.61990356445312,150.97086135861267,148.6831181180358,150.4482332133508,69858300
2023-02-07,152.49928283691406,153.07121860652774,148.54505515759215,148.54505515759215,83322600
2023-02-08,149.80723571777344,152.43024651571073,149.0676660222592,151.73998447588093,64120100
2023-02-09,148.7718505859375,152.1837390894266,148.32811173185976,151.64138491373802,56007100
2023-02-10,149.13726806640625,149.46317743221437,147.3694730974516,147.60650220064647,57450700
2023-02-13,151.9420623779297,152.34696638235076,149.04839042017383,149.0780171748983,62199000
2023-02-14,151.30010986328125,151.86304832604316,148.98913264360064,150.23350151506878,61707600
2023-02-15,153.40367126464844,153.5715611952289,150.98405804107867,151.21120146838675,65573800
2023-02-16,151.8037567138672,154.3912596999377,151.44822068703985,151.6062249781976,68167900
2023-02-17,150.65817260742188,151.10258897284194,148.97925796607987,150.46065589718617,59144100
2023-02-21,146.63865661621094,149.42369229489003,146.56953254062006,148.33732765365474,58867200
2023-02-22,147.06329345703125,148.09038924690807,145.33499611487431,147.0237810788301,51011300
2023-02-23,147.54721069335938,148.47555569965527,145.4140093743504,148.22865607328114,48394200
2023-02-24,144.89060974121094,145.3646528906462,143.91288161778817,145.28564318748033,55469600
2023-02-27,146.08555603027344,147.32005405148948,145.62138356873174,145.87816880166045,44998500
2023-02-28,145.58189392089844,147.23118155565606,145.00908500057525,145.22635786930326,50547000
2023-03-01,143.5079345703125,145.40412186804485,143.2116520085762,145.00908849876785,55479000
2023-03-02,144.10052490234375,144.89060684866965,142.11544194013547,142.58950014966683,52238100
2023-03-03,149.15701293945312,149.236022634522,145.50290119247913,146.20408774818284,70732300
2023-03-06,151.92230224609375,154.3616721188966,151.55689556759242,151.8827898611123,87558000
2023-03-07,149.719970703125,152.11982833887177,149.25579810311828,151.79391895570362,56182000
2023-03-08,150.9741973876953,151.5667625921133,149.94710144553787,150.91494388116536,47204800
2023-03-09,148.7224578857422,152.62346903568368,148.3669218148619,151.65562670311525,53833600
2023-03-10,146.65838623046875,149.06812912915592,145.77942411442874,148.3471863994858,68572400
2023-03-13,148.60394287109375,151.24082897559975,145.86829089184172,145.97692732623966,84457100
2023-03-14,150.69766235351562,151.49761478500946,148.23855155589501,149.4039106364519,73695900
2023-03-15,151.09271240234375,151.34948260848185,148.06077752387876,149.31503194180715,77167900
2023-03-16,153.917236328125,154.5196720318581,149.7594399024329,150.27299535550645,76161100
2023-03-17,153.07778930664062,154.79621636647911,152.36671707978053,154.1443976469308,98944600
2023-03-20,155.447998046875,155.8628026785515,152.23830291826783,153.14690680049927,73641400
2023-03-21,157.30470275878906,157.42320976774403,154.59867718770118,155.36901795458434,73938300
2023-03-22,155.8726806640625,160.12922799549253,155.85292447362312,157.32445173541882,75701800
2023-03-23,156.9590301513672,159.54654859691777,155.72453196517867,156.86027933820688,67622100
2023-03-24,158.26266479492188,158.35154504613158,155.8924343453171,156.88990343786057,59196500
2023-03-27,156.31707763671875,158.7762031421057,155.91215866543004,157.95649464031004,52390300
2023-03-28,155.69491577148438,156.5245100617194,154.04562789125012,156.0109545619661,45992200
2023-03-29,158.77622985839844,159.05275625859912,157.37384166607825,157.39358278783644,51305700
2023-03-30,160.34649658203125,160.45513302219786,159.27001781009866,159.5267880006936,49501700
2023-03-31,162.85499572753906,162.95376161088404,159.90208569195596,160.42551172065657,68749800
2023-04-03,164.10923767089844,164.22774466628186,162.18342364813336,162.23280658606208,56976200
2023-04-04,163.5759735107422,164.77095946962157,163.06241797980005,164.5339454319251,46278300
2023-04-05,161.7291259765625,163.0031364887197,159.7934413430479,162.6969833628771,51511700
2023-04-06,162.6179962158203,162.91427882271006,159.99098020805553,160.41564039126865,45390100
2023-04-10,160.02061462402344,160.02061462402344,158.0948001913657,159.4181788200064,47716900
2023-04-11,158.80584716796875,160.34649846878187,158.51943515436048,160.33662790848967,47644200
2023-04-12,158.1145477294922,160.05023261805474,157.7985089324277,159.22065338009935,50133100
2023-04-13,163.50680541992188,163.7438344852104,159.41814822842684,159.625550544249,68445600
2023-04-14,163.1611328125,164.25736760244948,161.78837168540608,162.54881157777572,49386500
2023-04-17,163.18092346191406,163.3389428652635,161.99580807591275,163.04266025137323,41516200
2023-04-18,164.40554809570312,165.33389323571308,163.59570997116356,164.04014141829643,49923000
2023-04-19,165.55113220214844,166.07455817257474,163.48703999868027,163.74382523896543,47720200
2023-04-20,164.5832977294922,165.78816920558748,163.50681889136789,164.03024493447634,52456400
2023-04-21,162.97352600097656,164.38578477260316,162.45009994594136,163.00315275355902,58337300
2023-04-24,163.2796630859375,163.5463189024918,161.85751882372426,162.95375377005053,41949600
2023-04-25,161.73902893066406,164.24752277490956,161.69951654722522,163.14141715156464,48714100
2023-04-26,161.7291259765625,163.23027992570658,160.78103984940847,161.03781003602157,45498800
2023-04-27,166.3214874267578,166.46962119212645,163.14141866066578,163.14141866066578,64902300
2023-04-28,167.5757293701172,167.74363439949644,165.79806388046575,166.40049965137717,55275900
2023-05-01,167.48683166503906,168.33616700655767,166.548616072207,167.18067853080987,52472900
2023-05-02,166.44984436035156,168.237410301642,165.46224586153255,167.98062504743248,48425700
2023-05-03,165.3733673095703,168.80033534118735,165.08697037258037,167.3979472668269,65136000
2023-05-04,163.73397827148438,164.96847661956093,162.2723364468385,162.84514548869322,81235400
2023-05-05,171.41751098632812,172.13845380689077,168.64234602308835,168.85961893934999,113453200
2023-05-08,171.3483428955078,171.6940084046762,169.97558155808977,170.34098818753938,55962800
2023-05-09,169.63980102539062,171.38783954566773,169.47191108630196,170.90392591816433,45326900
2023-05-10,171.4075927734375,171.87176527271458,169.76817565129102,170.87429621552187,53724500
2023-05-11,171.59524536132812,172.42482451357537,170.03483786854437,171.6940112425966,49514700
2023-05-12,170.66561889648438,172.13916641173466,169.11293731632776,171.70401959715826,45533100
2023-05-15,170.17112731933594,171.29854623618587,169.57774258819362,171.2490949935239,37266700
2023-05-16,170.17112731933594,171.229311478379,169.90410268128184,170.0920083491569,42110300
2023-05-17,170.7843017578125,171.02164360752573,168.53934785672587,169.81512066054435,57951600
2023-05-18,173.11825561523438,173.30616130301183,170.6755118549318,171.09087517456516,65496700
2023-05-19,173.22703552246094,174.44345770293714,173.00946211256743,174.44345770293714,55809500
2023-05-22,172.27760314941406,172.7819846737764,171.53587981631637,172.06002976447343,43570900
2023-05-23,169.6667938232422,171.466716951182,169.38988489439063,171.21947575824993,50747300
2023-05-24,169.94366455078125,170.51726580029353,168.6382391925545,169.20194113871563,45143500
2023-05-25,171.08099365234375,171.98093998050487,169.79533663873903,170.50739236656926,56058300
2023-05-26,173.49404907226562,173.83030849826073,171.19965909306288,171.40734829469508,54835000
2023-05-30,175.34344482421875,177.01479758641247,174.62150481648905,175.00720044696425,55964400
2023-05-31,175.29397583007812,177.37080753192686,174.80937774220615,175.37309480914308,99625300
2023-06-01,178.10264587402344,178.1323136072369,174.97751385870967,175.73902088879638,68901800
2023-06-02,178.953125,179.77396735384346,177.28177256425622,179.03224397161875,61996900
2023-06-05,177.59825134277344,182.908986017055,176.0752375225132,180.61459616435278,121946500
2023-06-06,177.2323455810547,178.13229186267904,175.47197477965813,177.9839532147194,64848400
2023-06-07,175.85768127441406,179.21027045240393,175.36319900574063,176.47083445864072,61944600
2023-06-08,178.5773468017578,178.84435638126445,175.50166626223591,175.93679801452896,50214900
2023-06-09,178.9630126953125,180.21898667599456,178.63665261745342,179.49704685610018,48900000
2023-06-12,181.76177978515625,181.8606822718443,178.9729077272824,179.26960009694577,54274900
2023-06-13,181.28709411621094,182.11782073883157,180.4266997635254,180.78272761470595,54929100
2023-06-14,181.92002868652344,182.35517550952275,180.01133431975106,181.34642742806082,57462900
2023-06-15,183.9573211669922,184.4617028293976,181.75193407830622,181.9299555739799,65433200
2023-06-16,182.87933349609375,184.92649747799743,182.2365125370702,184.66935702206612,101256200
2023-06-20,182.9683380126953,184.0463209118931,182.37496829785866,182.37496829785866,49799100
2023-06-21,181.92991638183594,183.36391189129432,180.575024752965,182.85953033754498,49515700
2023-06-22,184.93637084960938,184.98582209518955,181.64311708726814,181.7123518491607,51245300
2023-06-23,184.61990356445312,185.49019723798705,182.96833449974372,183.5023838322858,53117000
2023-06-26,183.2254638671875,185.97478407089304,183.18589683511047,184.76824612936457,48088700
2023-06-27,185.9846954345703,186.31105559004374,183.62107045135676,183.83864388833905,50730800
2023-06-28,187.1615447998047,187.80436573389431,185.5297592960992,185.8561043245189,51216800
2023-06-29,187.497802734375,187.97251662731944,186.85498175364998,186.99343619982474,46347300
2023-06-30,191.8294677734375,192.3338342950544,189.14936702429083,189.51529419368583,85213200
2023-07-03,190.3361358642578,191.74046380244184,189.64384856353968,191.64156130508144,31458200
2023-07-05,189.21861267089844,190.85039834497115,188.51644111338388,189.45596962493224,46920300
2023-07-06,189.69332885742188,189.90101809751846,187.11213022127544,187.74506706624905,45094300
2023-07-07,188.5757598876953,190.54380484505052,188.14062814608695,189.29771490007704,46815000
2023-07-10,186.52862548828125,187.89340155065938,184.9759437256739,187.17144648236777,59922200
2023-07-11,186.00445556640625,187.21099353236755,184.54079224834234,187.07253909809666,46638100
2023-07-12,187.67578125,189.584475327458,186.39012449248767,187.58676298395113,60750200
2023-07-13,188.43728637695312,189.08012234659634,187.68567880071848,188.3977344373199,41342300
2023-07-14,188.58566284179688,189.07024584013215,187.53736277551775,188.13073248396137,41616200
2023-07-17,191.84925842285156,192.17561856911308,189.6933076328095,189.78231082986184,50520200
2023-07-18,191.59210205078125,192.18548682934457,190.2965608776665,191.21630577539946,48288200
2023-07-19,192.94700622558594,196.0424552700726,190.52403079875788,190.96907695660155,80507300
2023-07-20,190.99871826171875,194.30185606220206,190.37566579926568,192.9370802265051,59581200
2023-07-21,189.82183837890625,192.8183994461989,189.11966698173345,191.95800520620395,71951700
2023-07-24,190.6229248046875,192.759091941705,190.1284425094743,191.27564505606543,45377800
2023-07-25,191.48330688476562,192.29426504028103,190.7910347339605,191.19651381171818,37283200
2023-07-26,192.35360717773438,193.48102617402893,191.18663623876353,191.53276478098633,47471900
2023-07-27,191.08775329589844,195.02382842734414,190.4251487828704,193.85685736898512,47460200
2023-07-28,193.6689453125,194.4601200346163,191.99759267326004,192.5217427199515,48291400
2023-07-31,194.28208923339844,194.32165626732748,193.10521896564188,193.8963936498011,38824100
2023-08-01,193.45135498046875,194.55899044039094,193.12499487022708,194.07440747187567,35175100
2023-08-02,190.454833984375,193.02613328848292,189.73289393984368,192.88767882664945,50389300
2023-08-03,189.06036376953125,190.247118290272,188.58566497931545,189.45595867004647,61235200
2023-08-04,179.98165893554688,185.31217710978225,179.9124241755589,183.47270249377223,115956800
2023-08-07,176.87632751464844,181.10909486166798,175.39288059142936,180.1201302461886,97576100
2023-08-08,177.81585693359375,178.28067155206236,175.62035408179838,177.7070702124542,67823000
2023-08-09,176.2235870361328,178.93334011391454,175.0566010766963,178.8740046582552,60378500
2023-08-10,176.00604248046875,178.75536303948698,175.64013038367378,177.4993736907431,54686900
2023-08-11,176.06544494628906,176.88739582771854,174.83748251539495,175.60001780962375,52036700
2023-08-14,177.71925354003906,177.94701832041608,175.5900993670502,176.2437010263368,43675600
2023-08-15,175.72872924804688,177.73903700795614,175.33261529851168,177.14486608365337,43622600
2023-08-16,174.85728454589844,176.80816171418965,174.78795629022963,175.4118501481314,46964900
2023-08-17,172.31219482421875,175.78814227993055,171.79723460866867,175.42173612638558,66062900
2023-08-18,172.79747009277344,173.40155375891743,170.29201204567954,170.62871045348956,61172200
2023-08-21,174.1343536376953,174.4215491084137,172.05473264129324,173.37183349440417,46311900
2023-08-22,175.51089477539062,175.95652682942284,174.54040484048784,175.34254555990208,42038900
2023-08-23,179.3631591796875,179.78899610380492,176.6002283968818,176.78838784399545,52722800
2023-08-24,174.6691436767578,179.34336155038372,174.30272234931607,178.91752463221655,54945800
2023-08-25,176.8775177001953,177.4122731545347,174.1145868163421,175.6594526964133,51449600
2023-08-28,178.44216918945312,178.83828316683332,176.8180777049469,178.34313313971825,43820700
2023-08-29,182.3340606689453,183.10649358507428,177.75887876406125,177.95693577395411,53003900
2023-08-30,185.82977294921875,186.02784502078083,182.9480116816315,183.14606864241608,60813900
2023-08-31,186.0476531982422,187.28552817850573,185.6614368088311,186.01794540757814,60794500
2023-09-01,187.6222686767578,188.07779827305947,186.45370666949987,187.65197647170007,45766500
2023-09-05,187.85992431640625,188.1372071331358,185.7902007519677,186.453699999912,45280000
2023-09-06,181.1357879638672,187.01817274976997,179.70975345688714,186.57252563325392,81755800
2023-09-07,175.83767700195312,176.4813811102254,171.8566665123906,173.48075801343515,112488800
2023-09-08,176.45164489746094,178.49167556913386,176.06542850593996,176.6200091931817,65551300
2023-09-11,177.62022399902344,178.5511084974291,175.619813594627,178.3233437087065,58953100
2023-09-12,174.5899200439453,178.3827714442694,173.12428004812202,177.7489799506068,90370200
2023-09-13,172.5201873779297,175.58021106580875,172.29240747476095,174.7978655233742,84267900
2023-09-14,174.03536987304688,174.39187856440168,171.89631772491796,172.31224201303482,60895800
2023-09-15,173.31239318847656,174.78794559113751,172.1339489112559,174.76813536061914,109259500
2023-09-18,176.24371337890625,177.64004017321716,174.46117014263496,174.76816076178545,67257600
2023-09-19,177.3330535888672,177.88761925037375,175.41186889666162,175.79808534740948,51826900
2023-09-20,173.7877655029297,177.95692035427507,173.69862701203755,177.52118590379774,58436200
2023-09-21,172.24290466308594,174.5899263869401,172.1735915074449,172.8569010557525,63149100
2023-09-22,173.0945587158203,175.36235454947433,172.36174626663464,172.97572753179696,56725400
2023-09-25,174.37203979492188,175.2534062611611,172.46075278406465,172.51027081019092,46172700
2023-09-26,170.2919921875,173.50055447022797,169.99489916963813,173.1242507509963,64588900
2023-09-27,168.77682495117188,171.36150860467507,167.41022120055555,170.94558441007192,66921800
2023-09-28,169.03433227539062,170.36133082824708,165.9941036111019,167.69742105029528,56294400
2023-09-29,169.5492706298828,171.39122924497295,168.68769934956754,170.3514112168,51861100
2023-10-02,172.0646209716797,172.60928898108386,169.27196778388654,169.55916323919894,52164500
2023-10-03,170.72772216796875,171.9458021063211,169.1630613901914,170.58908076573104,49594600
2023-10-04,171.9755096435547,172.5201776911012,169.31160010164683,169.43043127173715,53020300
2023-10-05,173.21339416503906,173.74814957044222,171.00501406167223,172.1042477774046,48527900
2023-10-06,175.7683563232422,176.26350633418187,171.50015053588783,172.1141468247828,57266700
2023-10-09,177.2538299560547,177.31324554755352,174.0947700479303,175.0949677633166,42390800
2023-10-10,176.6596221923828,177.9767230488949,176.22388776036024,176.3724418317021,43698000
2023-10-11,178.0559539794922,178.10547200469523,175.87729686757618,176.4714678376734,47551100
2023-10-12,178.95713806152344,180.57131695227565,177.30332359387822,178.3233466007442,56743100
2023-10-13,177.11517333984375,180.1652842541005,176.41205364228972,179.6602366589199,51427100
2023-10-16,176.98641967773438,177.34292828713865,174.79784999846225,175.0355274416581,52517000
2023-10-17,175.43165588378906,176.6893412361662,173.1044597256959,174.93650583601004,57549400
2023-10-18,174.1343536376953,175.8574811296678,173.41143884685883,173.87688106979198,54764400
2023-10-19,173.75808715820312,176.114991459484,173.49070186176996,174.33244800123364,59302900
2023-10-20,171.2030792236328,173.71843472751576,170.96540176933075,173.60950111647477,64244000
2023-10-23,171.32191467285156,172.32211231863303,168.2816861592976,169.25219112217718,55980100
2023-10-24,171.75765991210938,171.98542471489895,169.78695717971306,171.37144345921354,43816600
2023-10-25,169.44036865234375,171.38134856384042,168.99472147795794,170.21280159213268,57157000
2023-10-26,165.2711639404297,169.71761631425704,164.06299674951495,168.71740365821697,70625300
2023-10-27,166.58827209472656,167.32109955610002,165.21175565878588,165.29098147440297,58499100
2023-10-30,168.63818359375,169.5096524459554,167.23195938000526,167.38051344932887,51131000
2023-10-31,169.11354064941406,169.24226937820893,166.27136928302133,167.70731641765212,44846000
2023-11-01,172.2825164794922,172.53998907588377,168.46985489806465,169.34132385628374,56934900
2023-11-02,175.8475799560547,176.05553449603235,173.7580463313888,173.81746191423957,77334800
2023-11-03,174.93650817871094,175.10487249469713,171.66852990822986,172.5498964006483,79829200
2023-11-06,177.49148559570312,177.68954259678722,174.50079012453784,174.66913933099835,63841300
2023-11-07,180.05638122558594,180.67036248552094,177.23401974281032,177.4419743130807,70530000
2023-11-08,181.11598205566406,181.67054768588966,179.82858892219454,180.5812266581694,49340300
2023-11-09,180.64064025878906,182.3340449245472,180.04645416963677,181.18530832204868,53763500
2023-11-10,184.8351287841797,185.00371491529177,181.98922784820692,182.425536381392,66133400
2023-11-13,183.24856567382812,184.46823531200093,182.66352248721634,184.26000678217753,43627500
2023-11-14,185.8663787841797,186.5307520867399,184.73595008374065,186.12419054719692,60108400
2023-11-15,186.4315948486328,187.90909130382101,186.20353000343164,186.2729495954029,53790500
2023-11-16,188.1173553466797,189.35686136039257,187.0662415372727,187.97853127837138,54412900
2023-11-17,188.09751892089844,188.78172866103995,186.98692637498098,188.65281519385715,50922700
2023-11-20,189.84271240234375,190.29885721130628,188.28590092727276,188.29581152699646,46505100
2023-11-21,189.03953552246094,189.91215257469014,188.14709726863614,189.8030754431615,38134500
2023-11-22,189.70391845703125,191.31031344701395,189.2279523730899,189.88241519518988,39617700
2023-11-24,188.37513732910156,189.2973223945837,187.66118076777323,189.26757546541884,24048300
2023-11-27,188.1966552734375,189.0692722786972,187.31412766791345,188.3255687303111,40552600
2023-11-28,188.80154418945312,189.47584330827428,187.80993940877178,188.18675406725092,38415400
2023-11-29,187.78018188476562,190.47734794655034,187.3835460471391,189.2973359031836,43014200
2023-11-30,188.35531616210938,188.7222202024886,186.61009727764167,188.2462390361622,48794400
2023-12-01,189.63450622558594,189.95181189166442,187.64137090627887,188.73214223180454,45704800
2023-12-04,187.83969116210938,188.454496430777,185.8763178825686,188.3850768316175,43389500
2023-12-05,191.79620361328125,192.76797210608754,188.58339853026055,188.61316059527184,66628400
2023-12-06,190.70545959472656,193.12496281511594,190.49721591044622,192.81756772030812,41089700
2023-12-07,192.63905334472656,193.3629205543118,191.96475426663108,192.0044269286476,47477700
2023-12-08,194.0669708251953,194.34461894265894,192.04408867717459,192.56963798027982,53406400
2023-12-11,191.55819702148438,191.8656072016425,189.81297812056516,191.48879255742054,60943700
2023-12-12,193.0753631591797,193.08527375940776,190.11045957675134,191.45904261144975,52696900
2023-12-13,196.29806518554688,196.33772271445184,193.21417408717826,193.45214952198077,70404200
2023-12-14,196.44683837890625,197.94415626252416,194.5132119382899,196.35759757334458,66831600
2023-12-15,195.91134643554688,196.734365015635,195.34612449787411,195.87167377464695,128538400
2023-12-18,194.24546813964844,194.9792611555933,192.75806090539803,194.44378607807738,55751900
2023-12-19,195.28662109375,195.29653169314724,194.2454331909677,194.51317068155427,40714100
2023-12-20,193.1943359375,196.0204001139627,193.1943359375,195.24694969676773,52242800
2023-12-21,193.0456085205078,195.42546903656068,191.87552215973167,194.45370060278358,46482500
2023-12-22,191.9746856689453,193.76948784569112,191.349969834571,193.54140785907617,37149600
2023-12-26,191.42929077148438,192.262235089905,191.21113652656177,191.98458698376479,28919300
2023-12-27,191.5284423828125,191.87551008122907,189.48573911500236,190.87399477798158,48087700
2023-12-28,191.95484924316406,193.0257841884141,191.5482876644632,192.51014548202977,34049900
2023-12-29,190.9136505126953,192.76794644853246,190.1203637314106,192.27214410156537,42672100
2024-01-02,184.08152770996094,186.8580243758453,182.34621918511942,185.5788456186331,82488700
2024-01-03,182.7031707763672,184.31949132166326,181.8900476382689,182.6734238450404,58414500
2024-01-04,180.38282775878906,181.552914127362,179.36147605378457,180.62080322049852,71983600
2024-01-05,179.65896606445312,181.22570360072842,178.657450576186,180.46217873225783,62379700
2024-01-08,184.00218200683594,184.04185467153414,179.97626898919978,180.56131218264795,59144500
2024-01-09,183.585693359375,183.59560395931726,181.19592240352762,182.37593441619447,42841800
2024-01-10,184.62689208984375,184.83512061558696,182.375945055311,182.80234296869347,46792900
2024-01-11,184.0319061279297,185.47965559618967,182.07844372761645,184.97392753345,49128400
2024-01-12,184.359130859375,185.1722539181108,183.63526371659532,184.49795490224625,40477800
2024-01-16,182.08836364746094,182.71306427754865,179.4110190331086,180.630703626113,65603000
2024-01-17,181.14634704589844,181.39424823145328,178.786338048284,179.74819585869176,47317400
2024-01-18,187.04640197753906,187.55211493445296,184.26990575318283,184.52771753168435,78005800
2024-01-19,189.95181274414062,190.3385380102556,187.23482528040057,187.74053828049293,68903000
2024-01-22,192.26223754882812,193.69015075906108,190.64591702187175,190.68558968364889,60133900
2024-01-23,193.54141235351562,194.10663433692045,192.20275498822556,193.38276708914043,42355600
2024-01-24,192.8671112060547,194.73133285541883,192.70845082511164,193.7793857004472,53631300
2024-01-25,192.53988647460938,194.62226243680658,191.48878789336808,193.58107445570798,54822100
2024-01-26,190.80458068847656,193.1249321296598,190.3286146537771,192.63905549468925,44594000
2024-01-29,190.12039184570312,190.58644733122568,187.9884474907554,190.39803999060732,47145600
2024-01-30,186.46133422851562,190.18977744614463,185.89612743839433,189.33699683048337,55859400
2024-01-31,182.85189819335938,185.52924295226458,182.80233006356883,185.46973396127981,55467800
2024-02-01,185.291259765625,185.38050055962896,182.2767880551107,182.44535904290282,64885400
2024-02-02,184.28973388671875,185.75730456104918,177.7451370154647,178.35001646911297,102551700
2024-02-05,186.1043701171875,187.6611968198497,184.27982102914154,186.57042555488334,69668800
2024-02-06,187.71078491210938,187.72069551270494,185.2020260688322,185.291266866256,43490800
2024-02-07,187.81985473632812,189.4460858813363,187.02656792958788,189.03952431241242,53439000
2024-02-08,186.73902893066406,187.94877290356362,185.77717103468487,187.80003823127362,40962000
2024-02-09,187.50350952148438,188.63538073939827,186.65956394365634,187.30492339729363,45155200
2024-02-12,185.8156280517578,187.32479480430874,185.45819421957458,187.0765772861258,41781900
2024-02-13,183.72067260742188,184.88234393093236,182.20158259974826,184.4454786725173,56529500
2024-02-14,182.8370361328125,184.20720181831388,181.13923662251403,183.99870756617022,54630500
2024-02-15,182.549072265625,183.17458519121215,180.05697410890977,182.24128500065143,65434500
2024-02-16,181.01014709472656,183.53204565484478,180.37471083115267,182.1122335213933,49752500
2024-02-20,180.26548767089844,181.12927978468986,178.7166127841021,180.49384354523508,53665600
2024-02-21,181.0200653076172,181.5859933284812,179.3718974749363,180.64276986037862,41371400
2024-02-22,183.05545043945312,183.64125529629035,181.15908011476066,182.17179668082835,52292200
2024-02-23,181.21865844726562,183.72068024032762,180.93071762862238,183.69089534874325,45119700
2024-02-26,179.8683319091797,181.45691481099774,179.36195851579282,180.94063332165365,40867400
2024-02-27,181.32785034179688,182.60864595739088,178.27973221361,179.80876047563007,54318900
2024-02-28,180.12649536132812,181.81437153541262,178.84569957246276,181.20872015618278,48953900
2024-02-29,179.46127319335938,181.26830407372196,178.2499704416867,179.97756989489093,136682600
2024-03-01,178.3790283203125,179.24282037465971,176.11528592616577,178.26981201401622,73563100
2024-03-04,173.85154724121094,175.63870116419773,172.55087478393426,174.8940486462885,81510100
2024-03-05,168.90704345703125,170.8133520831047,168.41060844555398,169.5424796657224,95132400
2024-03-06,167.9141845703125,170.01907946057096,167.47731930724007,169.84035496658896,68587700
2024-03-07,167.79502868652344,169.51268953107953,167.28867044448495,167.9439531253601,71765100
2024-03-08,169.51271057128906,172.46153602621885,167.73547973060533,167.7950495135339,76267000
2024-03-11,171.518310546875,173.13669366515666,170.82330450374639,171.70695829072324,60139500
2024-03-12,171.99488830566406,172.78918743932962,169.79071540599014,171.9154568772979,59825400
2024-03-13,169.9098663330078,171.9551763303205,169.54249409126064,171.53817270319811,52488700
2024-03-14,171.7665252685547,173.06718266017282,170.82330171470906,171.67717059661035,72913500
2024-03-15,171.3892059326172,171.3892059326172,169.07581713096124,169.94954753501827,121752700
2024-03-18,172.4813995361328,176.4429567936847,172.2828285408912,174.31821532960825,75604200
2024-03-19,174.82455444335938,175.35077434046616,171.79629786095623,173.09695515946524,55215200
2024-03-20,177.39608764648438,177.39608764648438,173.84161109695287,174.46712406809783,53423100
2024-03-21,170.1481475830078,176.22452301821235,169.62192763151074,175.78765774149878,106181300
2024-03-22,171.05166625976562,171.81618050845861,168.8474933401544,170.5353695457136,71160100
2024-03-25,169.63185119628906,170.7140758962492,168.24182406010684,169.3538487990515,54288300
2024-03-26,168.5,170.19779947429063,168.37092203236526,168.787925677805,57388400
2024-03-27,172.07431030273438,172.36225110852925,168.89712909220745,169.19499314475576,60273300
2024-03-28,170.25735473632812,171.00200728609337,169.29426955996547,170.5254338962422,65672700
2024-04-01,168.8177032470703,170.02900599080004,168.2716216576847,169.96943620832081,46240500
2024-04-02,167.6361846923828,168.13261974429108,167.0305333230549,167.87447897129715,49329500
2024-04-03,168.44039916992188,169.46305411699578,167.37803608655156,167.5865303145986,47691700
2024-04-04,167.61631774902344,170.69420560535343,167.61631774902344,169.07582268557752,53704400
2024-04-05,168.3708953857422,169.1751176568126,167.74538244157907,168.38081863168355,42104800
2024-04-08,167.24896240234375,167.99361496437555,167.04046816897213,167.82482886831443,37425500
2024-04-09,168.46026611328125,168.86734648560252,167.1496854743383,167.49718091534808,42373800
2024-04-10,166.58375549316406,167.88441298860536,165.9185342989306,167.59648730602532,49709300
2024-04-11,173.79197692871094,174.208995705804,166.9610408919762,167.13975023930564,91070300
2024-04-12,175.29119873046875,177.08829097776882,172.96788660357228,173.0175179827845,101670900
2024-04-15,171.45870971679688,175.37061964403054,171.27006200710903,174.10967059769038,73531800
2024-04-16,168.17233276367188,172.5210932508517,167.0702464097302,170.52542991803605,73711200
2024-04-17,166.8021697998047,169.43326939438703,166.8021697998047,168.4006911997193,50901200
2024-04-18,165.8489990234375,167.4375970919546,165.36250241682455,166.83194578270678,43122900
2024-04-19,163.82354736328125,165.21355928091162,162.91010879598218,165.02492670994252,68149400
2024-04-22,164.65756225585938,166.06743588145892,163.59519920100377,164.33985172403135,48116400
2024-04-23,165.71002197265625,165.85896158515186,163.744143317683,164.17108536017497,49537800
2024-04-24,167.81491088867188,168.09291330855643,165.0249482926904,165.35258209827205,48251800
2024-04-25,168.67869567871094,169.39356334150216,166.9510963019663,168.3212618473153,50558300
2024-04-26,168.0928955078125,170.1183436596222,167.97374080476908,168.66876193087458,44838400
2024-04-29,172.26295471191406,174.7749147415349,171.86581274952138,172.1338767566388,68169400
2024-04-30,169.1155548095703,173.74233280675443,168.78790588015656,172.09416491333778,65934800
2024-05-01,168.0928955078125,171.47858587357683,167.90424778215495,168.37089789825708,50383100
2024-05-02,171.79629516601562,172.1835138606425,169.67155396857694,171.27999852318183,94214900
2024-05-03,182.07254028320312,185.66672552286605,181.35767253443083,185.31921489638069,163224100
2024-05-06,180.41441345214844,182.8866500436298,179.13360267463952,181.04984964293004,78569700
2024-05-07,181.0994873046875,183.5816623782166,180.02720100491794,182.1420038655686,77305800
2024-05-08,181.43707275390625,181.76472167822584,180.1562619452029,181.5462890620128,45057100
2024-05-09,183.25405883789062,183.3434135192828,180.81159149652714,181.25838005348476,48983000
2024-05-10,181.9913787841797,184.01957427538,181.07670119634082,183.83067066594327,50759500
2024-05-13,185.20269775390625,186.01796278299403,183.5522942832241,184.36755931231187,72044800
2024-05-14,186.34603881835938,187.21101770983566,185.2126323262415,186.4255779791011,52393600
2024-05-15,188.622802734375,189.54741702859607,186.2863873072406,186.8232728469217,70400000
2024-05-16,188.74209594726562,189.99481870677727,188.5631442219314,189.36845732702145,52845200
2024-05-17,188.7719268798828,189.70649303935699,188.08591490450098,188.4140082479681,41282900
2024-05-20,189.93516540527344,190.81008101901142,187.91690657220929,188.2350632210391,44361300
2024-05-21,191.2375946044922,191.6153866469515,189.815856788038,189.98487181213304,42309400
2024-05-22,189.7959747314453,191.7048842739564,189.1696284842733,191.15806201805708,34648500
2024-05-23,185.79922485351562,189.89539287135,185.55067067436462,189.87550428926582,51005900
2024-05-24,188.88128662109375,189.47782271626807,186.9525037733123,187.72800676525614,36327000
2024-05-28,188.8912353515625,191.88382214222983,188.00638309980087,190.40243380522858,52280100
2024-05-29,189.1894989013672,191.13817040866115,188.41401104911338,188.5134387924459,53068000
2024-05-30,190.1837158203125,191.06856812279528,189.52754429358754,189.6567821553814,49889100
2024-05-31,191.13816833496094,191.45632497373828,188.81170480343985,190.33285520255313,75158300
2024-06-03,192.9078826904297,193.8623374845637,191.4066207978332,191.784412862338,50080500
2024-06-04,193.2260284423828,194.19041988861153,191.91365507081835,193.51434462038463,47471400
2024-06-05,194.7372283935547,195.76127042413225,193.74301165159252,194.269945311189,54156800
2024-06-06,193.3552703857422,195.3635924798522,193.04706561878618,194.55827933508485,41181800
2024-06-07,195.75132751464844,195.80104138427978,193.0172315608974,193.5242766218339,53103900
2024-06-10,192.00314331054688,196.1589774177998,191.03875180216343,195.76128159599278,97010200
2024-06-11,205.95199584960938,205.96194772636147,192.51019617172983,192.53006958414636,172373300
2024-06-12,211.83778381347656,218.9265393804105,205.7034527218097,206.1707358379729,198134300
2024-06-13,213.00099182128906,215.49647028335949,210.37626033331,213.49810017257707,97862700
2024-06-14,211.2611083984375,213.9256018265929,210.07798811856898,212.61324369392398,70122700
2024-06-17,215.4169464111328,217.6837594401996,211.4897931914233,212.13602802573277,93728300
2024-06-18,213.05068969726562,217.36560169939582,211.76815683093403,216.33160783720555,79943300
2024-06-20,208.4673614501953,213.00100258632773,207.64217489543017,212.6927826496957,86172500
2024-06-21,206.29005432128906,210.66460227969185,205.91224707350656,209.17327704334386,241805100
2024-06-24,206.936279296875,211.46990537136972,205.39524025887107,206.51871007112354,80727000
2024-06-25,207.86090087890625,210.15753911842552,207.40355450398363,207.94042486793816,55549700
2024-06-26,212.01670837402344,213.6173978459433,209.42180221570723,210.2768291728298,66213200
2024-06-27,212.86181640625,214.49233130131694,211.1219370597224,213.4484006592916,49772700
2024-06-28,209.40191650390625,214.8204096554565,209.08377504858177,214.52214161134154,82542700
2024-07-01,215.4964599609375,216.25205915730615,210.69439169705225,210.86340670792907,60402900
2024-07-02,218.99612426757812,219.10548871515067,213.85602557275527,214.89994100712372,58046200
2024-07-03,220.2687225341797,220.2687225341797,217.76329209306175,218.72768354780237,37369800
2024-07-05,225.031005859375,225.14037030398515,220.36812707547224,220.36812707547224,60412400
2024-07-08,226.50247192382812,226.53229721329785,221.95889400104966,225.7766827586142,59085900
2024-07-09,227.35748291015625,228.07332019577044,225.0608446065374,226.6118203351868,48076100
2024-07-10,231.6326141357422,231.73204187894612,227.9241899064988,227.97390377810078,62627700
2024-07-11,226.25390625,231.04602295166967,224.46431311990926,230.0518062316796,64710600
2024-07-12,229.2067108154297,231.2945719488415,227.3574671508641,227.59608461971035,53046500
2024-07-15,233.04440307617188,235.8580383346859,231.7419815445035,235.11237576276483,62631300
2024-07-16,233.4619903564453,234.9036016458956,230.9863851256273,233.64094209406048,43234300
2024-07-17,227.55633544921875,230.1214164943178,225.32928445945876,228.1230311101644,57345900
2024-07-18,222.8834991455078,229.10730558155058,220.9845567217071,228.94822726389444,66034600
2024-07-19,223.01275634765625,225.4883615119168,221.9887143107171,223.5198165983548,49151500
2024-07-22,222.664794921875,226.4626951020567,221.799816014305,225.69714393989972,48201800
2024-07-23,223.70870971679688,225.6275559695254,221.3921828247117,223.07241159149987,39960300
2024-07-24,217.276123046875,223.4999296447353,215.8742889513949,222.70455320631825,61777600
2024-07-25,216.23219299316406,219.57276167257183,213.37878078186108,217.6638522810165,51391200
2024-07-26,216.69949340820312,218.22064384945838,214.76075857434793,217.4352041073067,41601300
2024-07-29,216.97787475585938,218.0317421116191,214.50226952108,215.70527849563507,36311800
2024-07-30,217.5346221923828,219.05577256608925,214.87011348402856,217.92236610782675,41643800
2024-07-31,220.79563903808594,222.52558149857458,219.35402790628325,220.15934097857442,50036300
2024-08-01,217.09718322753906,223.1817852498598,215.76493634313655,223.07242079394348,62501000
2024-08-02,218.58848571777344,224.29529507499745,216.45092586682142,217.88258518105536,105568600
2024-08-05,208.0597381591797,212.26527065556354,194.866477978878,197.9386040162881,119548600
2024-08-06,206.03152465820312,208.7755724881847,199.90716125146164,204.11269368890086,69660500
2024-08-07,208.6065673828125,212.40446750854989,205.19639601521322,205.70344110024527,63516400
2024-08-08,212.07638549804688,212.9612378528938,207.62229843313003,211.87754516998305,47161100
2024-08-09,214.98944091796875,215.5263113015057,210.7441310403627,210.8733840757052,42201600
2024-08-12,216.5222930908203,218.49311650663688,214.60124108809114,215.0690650325273,38028100
2024-08-13,220.24497985839844,220.86210287308924,217.99543949730662,217.99543949730662,44155300
2024-08-14,220.69288635253906,221.99681536538918,218.68223972219693,219.54821978702563,41960600
2024-08-15,223.6790008544922,224.3060872818483,221.72807374055304,223.55956160665437,46414000
2024-08-16,225.00283813476562,225.77922361016536,222.6139468974481,222.88270038911833,44340200
2024-08-19,224.84356689453125,224.94310972106823,222.00676340736013,224.67435623990076,40687800
2024-08-20,225.46067810058594,226.117624269924,224.405591022129,224.7241158999058,30299000
2024-08-21,225.35121154785156,226.92389412945442,224.00747444255492,225.4706659840429,34765500
2024-08-22,223.4898681640625,227.28221598709214,222.86278176595104,226.7347608131935,43695300
2024-08-23,225.7891845703125,227.1627967296477,223.29081734176486,224.6146580830755,38677300
2024-08-26,226.12759399414062,226.22713682494347,222.85284141893553,225.7095414433551,30602200
2024-08-27,226.97366333007812,227.7898720189865,223.84820980142854,224.9530683997657,35934600
2024-08-28,225.44081115722656,228.79519507876157,224.6345506504951,226.86417952209132,38052200
2024-08-29,228.72549438476562,231.84099956412553,227.819721489883,229.03407107214645,51906300
2024-08-30,227.9391632080078,229.33267166766268,226.42620031745173,229.123652992766,52990800
2024-09-03,221.738037109375,227.9391727978887,220.1454429272487,227.4912604304481,50190600
2024-09-04,219.82691955566406,220.75260404502964,216.47252073588626,220.6331648046219,43840200
2024-09-05,221.34982299804688,224.43545304440553,220.49380636570692,220.60329739500978,36615400
2024-09-06,219.79705810546875,224.1965806221913,218.75191919539128,222.91254804497814,48423000
2024-09-09,219.8866424560547,220.24497537072617,215.7061019102892,219.79706302441255,67180000
2024-09-10,219.09034729003906,220.45399594379384,215.72600018375593,217.905857501112,51591000
2024-09-11,221.6285400390625,222.05654079085224,216.88063262193214,220.43410202901993,44587100
2024-09-12,221.738037109375,222.51442259643306,218.8017058249269,221.46928361366915,37455600
2024-09-13,221.4692840576172,223.00214343080088,220.8820208371711,222.54428285449177,36766600
2024-09-16,215.3179168701172,216.21374159471785,212.92902562434276,215.5368837592455,59357400
2024-09-17,215.78570556640625,215.89519659483264,213.50632075947794,214.75053008791312,45519300
2024-09-18,219.6676788330078,221.6783256446234,216.53226176931298,216.54222516573412,59894900
2024-09-19,227.8097686767578,228.75538000957175,223.58941994126667,223.94775287051627,66781300
2024-09-20,227.1428680419922,232.01021467188832,226.56555305015522,228.90467282845125,318679900
2024-09-23,225.42088317871094,228.38707413181643,224.7639369712135,226.2868480598011,54146000
2024-09-24,226.31671142578125,228.28755007923567,224.6843092769655,227.59078065470555,43556100
2024-09-25,225.3213348388672,226.23707111110926,222.9822303399746,223.88800321688734,42308700
2024-09-26,226.46603393554688,227.4414899021518,224.36580775387156,226.24705185494724,36636700
2024-09-27,226.73475646972656,228.45675318264773,226.24703611440785,227.40166606122023,34026000
2024-09-30,231.92063903808594,231.92063903808594,228.58615167195362,228.97434440874213,54541900
2024-10-01,225.162109375,228.58616112900037,222.70355021092283,228.45677367012016,63285000
2024-10-02,225.7294464111328,226.31670960653594,221.98686997976517,224.84356992020335,32880600
2024-10-03,224.62460327148438,225.75932172190863,222.28549853682156,224.09705966134615,34044200
2024-10-04,225.7493438720703,226.94378179124593,223.0917145657714,226.84423896960539,37245100
2024-10-07,220.6630401611328,224.64451046166124,220.3047072265611,223.4600206171574,39505400
2024-10-08,224.72413635253906,224.93315503301397,222.2158058701156,223.26094483680066,31855700
2024-10-09,228.47665405273438,228.68568791487783,223.78848153487698,224.18662246797504,33591100
2024-10-10,227.97897338867188,228.43684913724616,226.11764095959848,226.72481576308653,28183500
2024-10-11,226.4958953857422,228.34727968813561,226.28686151162026,228.23778864704394,31759200
2024-10-14,230.228515625,230.65651637799863,227.54102629778745,227.64055393917852,39882100
2024-10-15,232.76669311523438,236.38983016358188,231.29353829774286,232.527799450427,64751400
2024-10-16,230.70628356933594,231.0447048824563,228.7752681420796,230.52712470524975,34082200
2024-10-17,231.07456970214844,232.76670668063704,229.4521309302649,232.348638945834,32993800
2024-10-18,233.91136169433594,235.0858880500012,232.92594240501305,235.0858880500012,46431500
2024-10-21,235.38449096679688,235.752787252213,233.36389625282138,233.36389625282138,36254500
2024-10-22,234.76739501953125,235.12572795126604,231.52250221800776,232.80651969699693,38846600
2024-10-23,229.6909942626953,234.05070868615385,226.70489182210235,232.99562158724072,52287000
2024-10-24,229.5019073486328,229.75074924052936,227.35190975750177,228.9146289407981,31109500
2024-10-25,230.3380126953125,232.13962556438537,228.5065400142299,228.6757506783198,38802300
2024-10-28,232.31878662109375,233.6426273223557,231.4727332926884,232.23917058038825,36087100
2024-10-29,232.58753967285156,233.24448591818899,231.24380255804743,232.02018805231754,35417200
2024-10-30,229.03407287597656,232.38845656475567,228.48661770128336,231.5324398883544,47070900
2024-10-31,224.8634796142578,228.76531846185907,224.32597264925337,228.27758291037028,64370100
2024-11-01,221.8773651123047,224.30606415529357,219.2495956140762,219.94634980146594,65276700
2024-11-04,220.98153686523438,221.75792231303782,218.69220372782075,219.96627293386246,44944500
2024-11-05,222.4148712158203,222.91255498009295,220.11557465497725,220.7725208689619,28111300
2024-11-06,221.68824768066406,225.02273483375984,220.16533664224426,221.57875664968802,54561100
2024-11-07,226.4262237548828,226.82437991892823,223.52971550048886,223.5894351280695,42137700
2024-11-08,226.15716552734375,227.8511489598711,225.60910803907555,226.366414165256,38328800
2024-11-11,223.4368133544922,224.90161465065876,220.7164746065314,224.20409384410638,42005600
2024-11-12,223.4368133544922,224.79200315214243,222.5698957238352,223.75568869738083,40398300
2024-11-13,224.3236541748047,225.84824072641777,221.97200184604,223.2175800878685,48566200
2024-11-14,227.41270446777344,228.06039910056816,224.20409355692922,224.22402706703753,44923900
2024-11-15,224.2041015625,226.11730807125568,223.47668806811174,225.59914322363005,47923700
2024-11-18,227.21340942382812,228.92732633570628,224.3734848929754,224.45320372664565,44633700
2024-11-19,227.4724884033203,229.34584301691135,225.8582238051146,226.17708394083317,36211800
2024-11-20,228.18994140625,229.11664435033194,225.0909420304879,227.25326410482543,35169600
2024-11-21,227.71165466308594,229.3458528412815,224.91159698015457,228.07038183414417,42108300
2024-11-22,229.05686950683594,229.90386885981255,227.2532745036032,227.2532745036032,38168300
2024-11-25,232.04624938964844,232.42491005721112,228.92733167542056,230.64124862727573,90152800
2024-11-26,234.228515625,234.73672132395913,232.50463944229026,232.50463944229026,45986200
2024-11-27,234.0989532470703,234.85627456038557,232.98291999142185,233.6405889619916,33498400
2024-11-29,236.490478515625,236.96877632211965,233.14236346053607,233.97938842310504,28481400
2024-12-02,238.74246215820312,239.93821419453454,236.32106542499292,236.43067691527065,48137100
2024-12-03,241.79165649414062,241.90126799408412,238.05492154808562,238.96170621081686,38861000
2024-12-04,242.150390625,243.2465056559754,240.3966217802532,242.01088645785893,44383900
2024-12-05,242.18026733398438,243.6749612569442,241.27349790971317,243.12691898237586,40033900
2024-12-06,241.98097229003906,243.7646488451358,241.2236661935451,242.0507319698173,36870600
2024-12-09,245.8771514892578,246.36542364679892,240.89483838917155,240.97455722335047,44649200
2024-12-10,246.8935546875,247.33200068563022,244.47214254503118,246.0166626912396,36914800
2024-12-11,245.6180877685547,249.91283942191654,245.38889040813984,247.08288910248365,45205800
2024-12-12,247.08287048339844,247.8601100871407,244.81092178998352,246.0166482138882,32777500
2024-12-13,247.2522735595703,248.40815863747187,245.36895982515324,246.9433725816478,33155300
2024-12-16,250.1519775390625,250.490786396497,246.7739697560149,247.1127786134494,51694800
2024-12-17,252.58334350585938,252.93211150871377,248.89643481128522,249.1953766416157,51356400
2024-12-18,247.1725616455078,253.38051965426092,246.86366065893745,251.26802371656945,56774100
2024-12-19,248.90640258789062,251.1085917693189,246.21595643132494,246.6245097734382,60882300
2024-12-20,253.58978271484375,254.09797318748596,244.82090844231297,247.1625865233097,147495300
2024-12-23,254.3670196533203,254.7456651132031,252.55345036958022,253.8687883386418,40858800
2024-12-24,257.28668212890625,257.2966260773909,254.386956808638,254.58626151312842,23234700
2024-12-26,258.1037292480469,259.1799258751944,256.7186620602343,257.27667867815336,27237100
2024-12-27,254.6858673095703,257.78488174803636,252.16481819720389,256.91793375888693,42355300
2024-12-30,251.30787658691406,252.60328106925755,249.86300878941353,251.33776924994547,35557500
2024-12-31,249.5341796875,252.38406352835983,248.54767617168994,251.5470385357527,39480700
2025-01-02,242.98741149902344,248.21884015778812,240.96459363401945,248.04942813526918,55740700
2025-01-03,242.49916076660156,243.31625226562878,241.03435939639962,242.49916076660156,40244100
2025-01-06,244.1333465576172,246.45510633108967,242.33971076643533,243.4457849039297,45045600
2025-01-07,241.3532257080078,244.681407317594,240.496267218822,242.12049100282684,40856000
2025-01-08,241.84149169921875,242.8479287466886,239.2008716539854,241.0642520177986,37628900
2025-01-10,236.01219177246094,239.3104808095479,232.17580437363205,239.16100228470233,61710900
2025-01-13,233.5708465576172,233.8398957390806,228.90740850459227,232.7039288898965,49630700
2025-01-14,232.45480346679688,235.28475371553364,231.6476711610837,233.91960476413306,39435300
2025-01-15,237.028564453125,238.11472029161553,233.60073052224158,233.80999436776753,39832000
2025-01-16,227.4525604248047,237.1680713225123,227.22337827123218,236.51041752509497,71759100
2025-01-17,229.1664581298828,231.46828423922307,227.6717642713697,231.29888742650238,68488300
2025-01-21,221.85243225097656,223.62613445935494,218.6039696546368,223.20762199269615,98070400
2025-01-22,223.03823852539062,223.3272060060417,219.01252087308487,219.01252087308487,64126500
2025-01-23,222.86883544921875,226.22690964639077,221.51364566438272,223.94501691407203,60234800
2025-01-24,221.991943359375,224.831867935065,220.6267944226493,223.9848686181573,54697900
2025-01-27,229.04690551757812,231.32879829775732,223.18770026542342,223.2275672861503,94863400
2025-01-28,237.4171905517578,239.3403714135585,229.99354669273774,230.03341371427896,75707600
2025-01-29,238.5133056640625,239.01153699982427,233.1822242894862,233.2918357915463,45486100
2025-01-30,236.7495574951172,239.93823493591583,236.37091202718113,237.82573898228924,55658300
2025-01-31,235.16519165039062,246.31561143302469,232.61424963135997,246.31561143302469,100959800
2025-02-03,227.2034454345703,231.00994009075862,224.90161912474946,229.1764524471141,73063300
2025-02-04,231.97650146484375,232.3053359547129,225.84824721606736,226.44613087124998,45067300
2025-02-05,231.64767456054688,231.84696405052938,227.46253445166022,227.72160926815613,39620300
2025-02-06,232.39501953125,232.9729696905443,229.61488023403817,230.47183871784506,29925300
2025-02-07,226.82479858398438,233.17226081850333,226.45609706307513,231.77721918612997,39707200
2025-02-10,227.0941162109375,230.02693972945139,226.64521806905947,229.0094413336025,33115600
2025-02-11,232.052001953125,234.6556296697615,227.57297502290857,227.64279618723114,53718400
2025-02-12,236.29161071777344,236.38140252594314,230.11672290007743,230.63545743654387,45243300
2025-02-13,240.94024658203125,241.74826634141837,234.99480784534867,236.33153226758247,53614100
2025-02-14,244.00274658203125,244.9504238462646,240.40156080072015,240.66092045804314,40896200
2025-02-18,243.87306213378906,244.58131995427482,241.2494791133952,243.55383619329416,48822500
2025-02-19,244.27207946777344,245.40929524371262,242.56626341463,244.06260076305156,32204200
2025-02-20,245.229736328125,246.1774135823035,243.69348816231408,244.34191013103748,32316900
2025-02-21,244.95042419433594,248.08275639920348,244.6212281548445,245.34944139409683,53197400
2025-02-24,246.49664306640625,248.25234005966587,243.82317911276243,244.3319283268952,51326400
2025-02-25,246.43678283691406,249.38956194785018,244.3119941197594,247.3944454522674,48013300
2025-02-26,239.77308654785156,244.3818005030484,238.5460942392985,243.7333937698084,44433600
2025-02-27,236.72056579589844,241.86796980219768,236.48114634623442,238.82541422357912,41153600
2025-02-28,241.24948120117188,241.49887076126774,229.63790389196947,236.37142201455794,56833400
2025-03-03,237.4487762451172,243.43412542285543,235.53346633482454,241.19958958341564,47184000
2025-03-04,235.35391235351562,239.4838181516717,234.10696453181083,237.1295800554318,53798100
2025-03-05,235.1643829345703,235.97240266650644,228.67026910680244,234.84515699420854,47227600
2025-03-06,234.75538635253906,237.27920752401755,232.59068676229822,233.86756011302523,45170400
2025-03-07,238.4862518310547,240.78062356819368,234.1867631010968,234.53591456798168,46273600
2025-03-10,226.92454528808594,235.583358769024,223.6725108894593,234.96486230654432,72071200
2025-03-11,220.30076599121094,225.2885573705892,216.91904404485373,223.26351528828414,76137400
2025-03-12,216.45018005371094,221.20853706339403,214.38524243690583,219.60246770742089,62547500
2025-03-13,209.1680145263672,216.31053552178076,207.9110965632093,215.4227092543014,61368300
2025-03-14,212.96871948242188,213.42758776028128,209.06826301296118,210.7341834889886,60107600
2025-03-17,213.4774627685547,214.69448503570536,209.4573042902151,212.78914514941675,48073400
2025-03-18,212.170654296875,214.62463892519543,210.97358751075308,213.63706605687162,42432400
2025-03-19,214.7144317626953,218.22582565599035,213.22806456968678,213.6969181399133,54385400
2025-03-20,213.5772247314453,216.9589465476154,211.70181037410745,213.46749271646212,48862900
2025-03-21,217.73703002929688,218.30563028145062,210.764092813104,211.04340788811464,94127800
2025-03-24,220.19102478027344,220.93919345594836,218.04628066528426,220.460369765545,44299500
2025-03-25,223.2036590576172,223.55281053469957,219.54262209652958,220.23093972638688,34493600
2025-03-26,220.9890594482422,224.47054292972726,219.93165022699972,222.96422035625233,34466100
2025-03-27,223.30340576171875,224.4406214835582,220.0214308095873,220.84940592957574,37094800
2025-03-28,217.36793518066406,223.26350805320467,217.1484711493609,221.12873402087155,39818600
2025-03-31,221.58761596679688,225.06908447075043,215.7020132379398,216.48010744476517,65299300
2025-04-01,222.64501953125,223.13381331282267,218.36548628233527,219.27326790744206,36412700
2025-04-02,223.3433074951172,224.6401362151353,220.4803202973195,220.77959080525144,35905900
2025-04-03,202.69386291503906,206.9833664271943,200.75859747782033,205.03811566571247,103419000
2025-04-04,187.92002868652344,199.39194860307396,186.88255957870848,193.4165691841804,125910900
2025-04-07,181.0169219970703,193.6759230716255,174.19361217758157,176.76731422169505,160466300
2025-04-08,171.99899291992188,189.87523506652792,168.79683943762106,186.244123618335,120859500
2025-04-09,198.3644561767578,200.1201531468693,171.47028013366514,171.53013119082922,184395900
2025-04-10,189.95504760742188,194.30440235729913,182.55316692796467,188.6083530498886,121880000
2025-04-11,197.66615295410156,199.05275825525484,185.60567786476867,185.64558871717136,87435900
2025-04-14,202.02549743652344,212.42005238891582,200.66881763194172,210.9237150406947,101352900
2025-04-15,201.64642333984375,203.01307326666696,199.31214069618733,201.36710824854455,51343900
2025-04-16,193.79563903808594,200.2099310657198,191.9002692932641,197.8756484915953,59732400
2025-04-17,196.4990234375,198.34451232255947,193.9452767059697,196.71848747425943,52164700
2025-04-21,192.68833923339844,193.32677585155812,189.3465132845993,192.79807124065385,46742500
2025-04-22,199.25228881835938,201.097762433896,195.49148998245192,195.64111763020085,52976400
2025-04-23,204.10043334960938,207.4921254657249,202.30482537338813,205.49700887470834,52929200
2025-04-24,207.8612060546875,208.32008954356945,202.44447210591895,204.38970763388747,47311000
2025-04-25,208.76898193359375,209.2378355121778,205.69650080604464,205.86608387594285,38222300
2025-04-28,209.62689208984375,210.98357193193158,206.95344326011445,209.48723454234343,38743100
2025-04-29,210.69427490234375,211.72175863443914,207.86119803545407,208.18042396697467,36827600
2025-04-30,211.9811248779297,213.0584895980106,206.16535854293033,208.78894157113288,52286500
2025-05-01,212.79913330078125,214.0360957896086,208.3899124386699,208.56948083895412,57365700
2025-05-02,204.8485870361328,206.48458191182934,201.66637387157866,205.58677037884885,101010600
2025-05-05,198.40435791015625,203.60164304236298,197.72602561272546,202.6040848015313,69018500
2025-05-06,198.0252685546875,200.16004244803628,196.53891661034845,197.72601327833053,51216500
2025-05-07,195.7707977294922,198.95301083885846,192.77812311451905,198.6836658614824,68536700
2025-05-08,197.00778198242188,199.56152863729463,194.20463054641704,197.2372161152265,50478900
2025-05-09,198.0452423095703,200.0503289543839,197.05765414160055,198.51409591462888,36453900
2025-05-12,210.55104064941406,211.03050749278242,206.5156271207593,210.7308445260501,63775800
2025-05-13,212.68861389160156,213.1580823159532,208.76307628033234,210.19144790738707,51909300
2025-05-14,212.08929443359375,213.69746987061376,210.34127831689767,212.18917192393894,49325800
2025-05-15,211.21029663085938,212.71859464512332,209.30245815432872,210.71086343228015,45029500
2025-05-16,211.0205078125,212.32903558469047,209.53220664773164,212.11926693678467,54737900
2025-05-19,208.54331970214844,209.24252311349682,204.02843943795537,207.67431083672193,46140500
2025-05-20,206.62550354003906,208.2336790492342,204.79757620413463,207.4345828831543,42496600
2025-05-21,201.86090087890625,206.80528635778637,200.4824756537251,204.93741112479617,59211800
2025-05-22,201.13172912597656,202.52015274475195,199.4736073247078,200.48247209416806,46742400
2025-05-23,195.04864501953125,197.4758830409797,193.24069928507132,193.45045269257122,78432900
2025-05-27,199.98304748535156,200.51244545494848,197.20618488735448,198.07520901450675,56288500
2025-05-28,200.1927947998047,202.50017366149785,199.67338002302156,200.36260025266836,45339700
2025-05-29,199.72332763671875,203.57895243464628,198.28495762525483,203.3492174371598,51396800
2025-05-30,200.622314453125,201.73105672211125,196.55692105301176,199.14398126681596,70819900
2025-06-02,201.47134399414062,201.9008644592711,199.89313329888972,200.05295557621693,35423300
2025-06-03,203.03956604003906,203.5389992121068,200.7321872237246,201.1217444882778,46381600
2025-06-04,202.590087890625,206.00620910456834,201.8709028727957,202.67998220748078,43604000
2025-06-05,200.40257263183594,204.5178973620389,199.92310578136215,203.26931435006063,55126100
2025-06-06,203.68882751464844,205.4668084267123,201.82095228760733,202.76987228695742,46607700
2025-06-09,201.2216339111328,205.76647909477697,199.79326227022588,204.15830357568726,72862600
2025-06-10,202.44024658203125,204.11835001917973,200.34263633745982,200.3726011094186,54672600
2025-06-11,198.55465698242188,204.26817387189894,198.18508130061548,203.26930749599725,60989900
2025-06-12,198.97418212890625,199.45363372918547,197.13627162659284,198.85432303920933,43904600
2025-06-13,196.227294921875,200.1428492549886,195.47814514596445,199.50357538920457,51447300
2025-06-16,198.195068359375,198.46476655376847,196.33717625414866,197.07634287373045,43020700
2025-06-17,195.418212890625,198.16509536417735,194.98870767431248,196.97644196425614,38856200
2025-06-18,196.35714721679688,197.3460303816964,194.84886452825484,195.71787336797544,45394700
2025-06-20,200.7721405029297,201.47134391409438,196.6368343380514,198.01527480684123,96813500
2025-06-23,201.27157592773438,202.07067208145295,198.73446202428119,201.40143343464243,55814300
2025-06-24,200.07293701171875,203.2093768046809,199.9730442780961,202.36033429336192,54064000
2025-06-25,201.33151245117188,203.43912119943792,200.39257558111612,201.2216365357081,39525700
2025-06-26,200.7721405029297,202.41028074115465,199.23389299836737,201.20164572639828,50799100
2025-06-27,200.85205078125,202.98962419564972,199.77327327657756,201.66113009938155,73188600
2025-06-30,204.93740844726562,207.15489297707504,199.0341046248948,201.78098710410558,91912800
2025-07-01,207.58441162109375,209.95171998702364,205.90630823197938,206.4357061767528,78788900
2025-07-02,212.1991729736328,213.09814660534315,207.9040445567577,208.6731759252599,67941800
2025-07-03,213.30792236328125,214.40666625629999,211.56988934364432,211.90950026104147,34955800
2025-07-07,209.7119903564453,215.9848699115094,208.56330013289198,212.43889126622693,50229000
2025-07-08,209.7719268798828,211.1903153368944,208.213697736729,209.86183643928914,42848900
2025-07-09,210.90065002441406,211.09043707809712,206.98509558510867,209.2924745188519,48749400
2025-07-10,212.16920471191406,213.23798377907798,209.7918979255535,210.27134950514616,44443600
2025-07-11,210.92062377929688,211.88952536572023,209.6220944658076,210.33129628612954,39765800
2025-07-14,208.3834991455078,210.67091168904602,207.3047216270235,209.69201166358403,38840100
2025-07-15,208.87295532226562,211.64980271899068,208.6831682659836,208.9828312368767,42296300
2025-07-16,209.92176818847656,212.1592191902425,208.40348697906978,210.06160887608695,47490500
2025-07-17,209.78192138671875,211.5599023237274,209.35240091776063,210.33130094399476,48068100
2025-07-18,210.9405975341797,211.54990664350106,209.46227954032304,210.63095139102305,48974600
2025-07-21,212.23912048339844,215.53538252867688,211.39009321998003,211.8595616297783,51377400
2025-07-22,214.15695190429688,214.7063314773177,211.9894136266437,212.89838571641525,46404100
2025-07-23,213.9072265625,214.90609293027538,212.1692088371252,214.75626907170553,46989300
2025-07-24,213.51766967773438,215.44548969662856,213.28793468034502,213.65751035981805,46022600
2025-07-25,213.63754272460938,214.9960015887686,213.15807589620647,214.45660521718813,40268800
2025-07-28,213.80735778808594,214.60645396318566,212.81847455673218,213.78737619229818,37858000
2025-07-29,211.03050231933594,214.5664825639156,210.58101550100253,213.93719187335407,51411700
2025-07-30,208.81301879882812,212.14922883427738,207.48452469073794,211.65977882345743,45512500
2025-07-31,207.33470153808594,209.60211724381097,206.92516266487007,208.25365677749065,80698400
2025-08-01,202.1505889892578,213.33788973606855,201.27158167093614,210.63095505795985,104434500
2025-08-04,203.11949157714844,207.64435521756303,201.4513712516652,204.27816503495924,75109300
2025-08-05,202.68995666503906,205.1072113881769,201.93082373064988,203.1694082424696,44155100
2025-08-06,213.0082550048828,215.1358452662651,205.35693489516686,205.39689808550258,108483100
2025-08-07,219.7805633544922,220.59964108330854,216.33447747046458,218.63187314031333,90224800
2025-08-08,229.0900115966797,230.73813503605493,219.00145500716468,220.57966572513484,113854000
2025-08-11,227.17999267578125,229.55999755859375,224.75999450683594,227.9199981689453,61806100
2025-08-12,229.64999389648438,230.8000030517578,227.07000732421875,228.00999450683594,55626200
2025-08-13,233.3300018310547,235.0,230.42999267578125,231.07000732421875,69878500
2025-08-14,232.77999877929688,235.1199951171875,230.85000610351562,234.05999755859375,51916300
2025-08-15,231.58999633789062,234.27999877929688,229.33999633789062,234.0,56038700
2025-08-18,230.88999938964844,233.1199951171875,230.11000061035156,231.6999969482422,37476200
2025-08-19,230.55999755859375,232.8699951171875,229.35000610351562,231.27999877929688,39402600
2025-08-20,226.00999450683594,230.47000122070312,225.77000427246094,229.97999572753906,42263900
2025-08-21,224.89999389648438,226.52000427246094,223.77999877929688,226.27000427246094,30621200
2025-08-22,227.75999450683594,229.08999633789062,225.41000366210938,226.1699981689453,42477800
2025-08-25,227.16000366210938,229.3000030517578,226.22999572753906,226.47999572753906,30983100
2025-08-26,229.30999755859375,229.49000549316406,224.69000244140625,226.8699951171875,54575100
2025-08-27,230.49000549316406,230.89999389648438,228.25999450683594,228.61000061035156,31259500
2025-08-28,232.55999755859375,233.41000366210938,229.33999633789062,230.82000732421875,38074700
2025-08-29,232.13999938964844,233.3800048828125,231.3699951171875,232.50999450683594,39418400
2025-09-02,229.72000122070312,230.85000610351562,226.97000122070312,229.25,44075600
2025-09-03,238.47000122070312,238.85000610351562,234.36000061035156,237.2100067138672,66427800
2025-09-04,239.77999877929688,239.89999389648438,236.74000549316406,238.4499969482422,47549400
2025-09-05,239.69000244140625,241.32000732421875,238.49000549316406,240.0,54870400
2025-09-08,237.8800048828125,240.14999389648438,236.33999633789062,239.3000030517578,48999500
2025-09-09,234.35000610351562,238.77999877929688,233.36000061035156,237.0,66313900
2025-09-10,226.7899932861328,232.4199981689453,225.9499969482422,232.19000244140625,83440800
2025-09-11,230.02999877929688,230.4499969482422,226.64999389648438,226.8800048828125,50208600
2025-09-12,234.07000732421875,234.50999450683594,229.02000427246094,229.22000122070312,55824200
2025-09-15,236.6999969482422,238.19000244140625,235.02999877929688,237.0,42583729
